,task_id,AutoCorrelation,CfsSubsetEval_DecisionStumpAUC,CfsSubsetEval_DecisionStumpErrRate,CfsSubsetEval_DecisionStumpKappa,CfsSubsetEval_NaiveBayesAUC,CfsSubsetEval_NaiveBayesErrRate,CfsSubsetEval_NaiveBayesKappa,CfsSubsetEval_kNN1NAUC,CfsSubsetEval_kNN1NErrRate,CfsSubsetEval_kNN1NKappa,ClassEntropy,DecisionStumpAUC,DecisionStumpErrRate,DecisionStumpKappa,Dimensionality,EquivalentNumberOfAtts,J48.00001.AUC,J48.00001.ErrRate,J48.00001.Kappa,J48.0001.AUC,J48.0001.ErrRate,J48.0001.Kappa,J48.001.AUC,J48.001.ErrRate,J48.001.Kappa,MajorityClassPercentage,MajorityClassSize,MaxAttributeEntropy,MaxKurtosisOfNumericAtts,MaxMeansOfNumericAtts,MaxMutualInformation,MaxNominalAttDistinctValues,MaxSkewnessOfNumericAtts,MaxStdDevOfNumericAtts,MeanAttributeEntropy,MeanKurtosisOfNumericAtts,MeanMeansOfNumericAtts,MeanMutualInformation,MeanNoiseToSignalRatio,MeanNominalAttDistinctValues,MeanSkewnessOfNumericAtts,MeanStdDevOfNumericAtts,MinAttributeEntropy,MinKurtosisOfNumericAtts,MinMeansOfNumericAtts,MinMutualInformation,MinNominalAttDistinctValues,MinSkewnessOfNumericAtts,MinStdDevOfNumericAtts,MinorityClassPercentage,MinorityClassSize,NaiveBayesAUC,NaiveBayesErrRate,NaiveBayesKappa,NumberOfBinaryFeatures,NumberOfClasses,NumberOfFeatures,NumberOfInstances,NumberOfInstancesWithMissingValues,NumberOfMissingValues,NumberOfNumericFeatures,NumberOfSymbolicFeatures,PercentageOfBinaryFeatures,PercentageOfInstancesWithMissingValues,PercentageOfMissingValues,PercentageOfNumericFeatures,PercentageOfSymbolicFeatures,Quartile1AttributeEntropy,Quartile1KurtosisOfNumericAtts,Quartile1MeansOfNumericAtts,Quartile1MutualInformation,Quartile1SkewnessOfNumericAtts,Quartile1StdDevOfNumericAtts,Quartile2AttributeEntropy,Quartile2KurtosisOfNumericAtts,Quartile2MeansOfNumericAtts,Quartile2MutualInformation,Quartile2SkewnessOfNumericAtts,Quartile2StdDevOfNumericAtts,Quartile3AttributeEntropy,Quartile3KurtosisOfNumericAtts,Quartile3MeansOfNumericAtts,Quartile3MutualInformation,Quartile3SkewnessOfNumericAtts,Quartile3StdDevOfNumericAtts,REPTreeDepth1AUC,REPTreeDepth1ErrRate,REPTreeDepth1Kappa,REPTreeDepth2AUC,REPTreeDepth2ErrRate,REPTreeDepth2Kappa,REPTreeDepth3AUC,REPTreeDepth3ErrRate,REPTreeDepth3Kappa,RandomTreeDepth1AUC,RandomTreeDepth1ErrRate,RandomTreeDepth1Kappa,RandomTreeDepth2AUC,RandomTreeDepth2ErrRate,RandomTreeDepth2Kappa,RandomTreeDepth3AUC,RandomTreeDepth3ErrRate,RandomTreeDepth3Kappa,StdvNominalAttDistinctValues,kNN1NAUC,kNN1NErrRate,kNN1NKappa
0,14969,0.960595623987034,,,,,,,,,,2.19342373613355,,,,0.003342449103616,,,,,,,,,,,29.8794692595969,2950,,193.897957947379,0.011116396597792,,5,7.17153794488362,0.013351214902818,,47.822308711805,0.001309779307676,,,5,0.953503583747385,0.00534012541635,,7.60172743206796,-1.4722551402816E-05,,5,-1.88385588797214,0.000953944247796,10.1083763800263,998,,,,0,5,33,9873,0,0,32,1,0,0,0,96.969696969697,3.03030303030303,,10.692874878818,-7.29402410614811E-07,,-0.529067434746491,0.001689436373002,,32.2327365686321,1.23175443127722E-05,,0.251093816774383,0.004344638070151,,52.8893931104548,0.000960251625139,,2.37287946812321,0.008791262132634,,,,,,,,,,,,,,,,,,,0,,,
1,6,0.040902045102255,0.942529805565091,0.15215,0.841756863867533,0.942529805565091,0.15215,0.841756863867533,0.942529805565091,0.15215,0.841756863867533,4.69981072657316,0.657454526802678,0.9293,0.032769766554045,0.00085,,0.937967605312559,0.15865,0.834997924161562,0.937967605312559,0.15865,0.834997924161562,0.937967605312559,0.15865,0.834997924161562,4.065,813,,2.07524504615754,8.33885,,26,1.15997501542359,3.30455530356027,,0.69773790052987,5.925465625,,,26,0.290297034101848,2.27377114544636,,-0.421178822116845,3.0461,,26,-0.310079069872685,1.54672243631995,3.67,734,0.955920723690355,0.36025,0.62532505099408,0,26,17,20000,0,0,16,1,0,0,0,94.1176470588235,5.88235294117647,,0.309132495853861,4.1748125,,-0.137330428123653,2.01743881282673,,0.885304439012857,5.913225,,0.254334587939881,2.29337210222702,,1.17283898233814,7.7260125,,0.653378002627639,2.54742313549191,0.954430324978794,0.20315,0.788715232189219,0.954430324978794,0.20315,0.788715232189219,0.954430324978794,0.20315,0.788715232189219,0.908013952116127,0.1769,0.816017080292,0.908013952116127,0.1769,0.816017080292,0.908013952116127,0.1769,0.816017080292,0,0.973101892839119,0.05785,0.939833878217649
2,3,0.99906103286385,0.671403453632498,0.339486858573217,0.339643768771914,0.972045423244393,0.072590738423029,0.853986275963954,0.973944140286114,0.059136420525657,0.881192021405907,0.998575538655458,0.671403453632498,0.339486858573217,0.339643768771914,0.011576971214018,52.1404016971627,0.989123478603432,0.028785982478098,0.94233664907276,0.989231971114703,0.028785982478098,0.94233664907276,0.991139909038937,0.020963704630789,0.958035253741967,52.2215269086358,1669,0.995652185236018,,,0.19826687955488,3,,,0.590148291244231,,,0.01915166562113,29.814462977733,2.02702702702703,,,0.004094030352642,,,1.18053E-09,2,,,47.7784730913642,1527,0.952041993860854,0.121088861076345,0.756970877815408,35,2,37,3196,0,0,0,37,94.5945945945946,0,0,0,100,0.287560003550353,,,0.000777595577705,,,0.679499624761424,,,0.00542648921343,,,0.913232980657694,,,0.018486120837578,,,0.671403453632498,0.339486858573217,0.339643768771914,0.831344957923347,0.245306633291614,0.497439727802851,0.935525823768139,0.095744680851064,0.806981138555023,0.630851189474225,0.394868585732165,0.188164703845867,0.672370861540405,0.380788485607009,0.23553233006335,0.753146577110317,0.304130162703379,0.386537406559137,0.164398987305357,0.972842735298284,0.069148936170213,0.860967657357111
3,9978,0.915515199368338,,,,,,,,,,0.33979042531608,,,,0.02880820836622,,,,,,,,,,,93.6858721389108,2374,,77.6589871047621,10164.198441985,,2,7.37646091154844,77.4101100876053,,1.49305475212905,296.494606499841,,,2,0.085956014814213,7.57016086637155,,-0.97653319610895,-10.5114096882399,,2,-1.30835897538714,0.242857893962902,6.31412786108919,160,,,,1,2,73,2534,0,0,72,1,1.36986301369863,0,0,98.6301369863014,1.36986301369863,,-0.260168431307105,1.83744757971586,,-0.653604629994393,1.16609362069699,,0.2058839276127,4.8158629940805,,0.047149411926926,6.22833710941522,,1.05933170751595,20.7842003850631,,0.511648729742687,7.04359290760034,,,,,,,,,,,,,,,,,,,0,,,
4,15,0.631805157593123,0.924908043269492,0.088698140200286,0.810752744517515,0.988307846588097,0.040057224606581,0.912544572240543,0.975221511533095,0.042918454935622,0.904444667219554,0.929317937249798,0.924908043269492,0.088698140200286,0.810752744517515,0.014306151645208,,0.929501349906684,0.071530758226037,0.845329344497353,0.929501349906684,0.071530758226037,0.845329344497353,0.946502020330138,0.05722460658083,0.874577213963378,65.5221745350501,458,,12.6578780670256,4.41773962804006,,2,3.56065784449527,3.6438571604929,,1.68411509604072,3.13570410028224,,,2,1.47748866673109,2.75108054561862,,-0.798844135443642,1.58941344778255,,2,0.592858532686289,1.71507794250679,34.4778254649499,241,0.988307846588097,0.040057224606581,0.912544572240543,1,2,10,699,16,16,9,1,10,2.28898426323319,0.228898426323319,90,10,,-0.308352216139897,2.83690987124463,,1.04499236820558,2.32633206948664,,0.184621311505119,3.20743919885551,,1.2331365579617,2.85537923921701,,1.57850674634774,3.49121208503258,,1.61831994629854,3.05254650178347,0.918724745873272,0.098712446351931,0.783012034641773,0.918724745873272,0.098712446351931,0.783012034641773,0.952780445378608,0.055793991416309,0.875655112959947,0.89352950769175,0.105865522174535,0.763829787234043,0.952658138397144,0.058655221745351,0.871065122033517,0.969219409664969,0.047210300429185,0.896223147002587,0,0.975221511533095,0.042918454935622,0.904444667219554
5,37,0.55019556714472,0.718664179104478,0.26953125,0.381647322400971,0.718664179104478,0.26953125,0.381647322400971,0.718664179104478,0.26953125,0.381647322400971,0.933134316640783,0.711119402985075,0.272135416666667,0.391058909223345,0.01171875,,0.707436567164179,0.276041666666667,0.381773997569866,0.707436567164179,0.276041666666667,0.381773997569866,0.707436567164179,0.276041666666667,0.381773997569866,65.1041666666667,500,,7.21425955434885,120.89453125,,2,2.27225085843157,115.244002351338,,2.7753623954424,44.9857911783854,,,2,0.529246128937523,25.7337429754516,,-0.520071866153008,0.471876302083333,,2,-1.84360798335513,0.331328595012775,34.8958333333333,268,0.808268656716418,0.240885416666667,0.45812356979405,1,2,9,768,0,0,8,1,11.1111111111111,0,0,88.8888888888889,11.1111111111111,,0.279609788253971,8.01790364583333,,-0.294393067219706,4.49822362711801,,1.96680089467846,32.6167317708333,,0.537713740471879,13.8562245542032,,5.49125428600791,77.1259765625,,1.72233247501652,28.8184154390134,0.762914179104477,0.282552083333333,0.351775212372032,0.762914179104477,0.282552083333333,0.351775212372032,0.762914179104477,0.282552083333333,0.351775212372032,0.66444776119403,0.307291666666667,0.327196056304567,0.66444776119403,0.307291666666667,0.327196056304567,0.66444776119403,0.307291666666667,0.327196056304567,0,0.643402985074627,0.309895833333333,0.296031550406704
6,22,0.995497748874437,0.861404027777778,0.314,0.651111111111111,0.861404027777778,0.314,0.651111111111111,0.861404027777778,0.314,0.651111111111111,3.32192809488736,0.680619722222222,0.806,0.104444444444444,0.024,,0.860923194444444,0.3195,0.645,0.860923194444444,0.3195,0.645,0.860923194444444,0.3195,0.645,10,200,,4.37010129887967,508.902571633625,,10,1.79459951453734,124.192493644073,,0.735395681303777,88.6364294147271,,,10,0.790830076474756,40.1254529217552,,-0.991411720529937,0.07855426092,,10,0.005491522368602,0.066552002714652,10,200,0.959026944444444,0.2705,0.699444444444445,0,10,48,2000,0,0,47,1,0,0,0,97.9166666666667,2.08333333333333,,-0.461242805258132,7.537383493435,,0.379048878363395,3.75799008763695,,0.444046398140002,69.881896744535,,0.741592890867867,37.8783779112821,,1.86998358401207,126.83265674023,,1.25483347283059,65.2113448656882,0.895876527777778,0.3295,0.633888888888889,0.895876527777778,0.3295,0.633888888888889,0.895876527777778,0.3295,0.633888888888889,0.779722222222222,0.3965,0.559444444444445,0.779722222222222,0.3965,0.559444444444445,0.779722222222222,0.3965,0.559444444444445,0,0.8854525,0.2065,0.770555555555555
7,18,0.995497748874437,0.911340694444444,0.2955,0.671666666666667,0.911340694444444,0.2955,0.671666666666667,0.911340694444444,0.2955,0.671666666666667,3.32192809488736,0.76125,0.8015,0.109444444444444,0.0035,,0.911340694444444,0.2955,0.671666666666667,0.911340694444444,0.2955,0.671666666666667,0.911340694444444,0.2955,0.671666666666667,10,200,,0.079493870056188,6155.20043515656,,10,1.00848300147567,3757.6344670066,,-0.536236922624337,1052.69973164028,,,10,0.53156718434474,630.90708251402,,-1.03835593132843,0.492499999999995,,10,-0.062836662614366,0.291315717195347,10,200,0.951212777777778,0.2995,0.667222222222222,0,10,7,2000,0,0,6,1,0,0,0,85.7142857142857,14.2857142857143,,-0.869249111387117,0.658249999999993,,0.214771314772489,0.571544999056086,,-0.635263531179075,1.686534392555,,0.624533154619372,0.920871988914683,,-0.111490713017666,1656.11427321414,,0.767658113419129,958.166126968764,0.944247638888889,0.2935,0.673888888888889,0.944247638888889,0.2935,0.673888888888889,0.944247638888889,0.2935,0.673888888888889,0.8167275,0.3345,0.628333333333333,0.8167275,0.3345,0.628333333333333,0.8167275,0.3345,0.628333333333333,0,0.822780833333333,0.3295,0.633888888888889
8,16,0.995497748874437,0.893352916666667,0.2105,0.766111111111111,0.893352916666667,0.2105,0.766111111111111,0.893352916666667,0.2105,0.766111111111111,3.32192809488736,0.693666666666667,0.8045,0.106111111111111,0.0325,,0.88964875,0.21,0.766666666666667,0.88964875,0.21,0.766666666666667,0.88964875,0.21,0.766666666666667,10,200,,0.580942601366925,2.89117112429,,10,0.418722048095668,7.69130518232539,,-0.045654845752496,0.053084739246641,,,10,-0.004285662607737,2.15266282870268,,-0.944709265915264,-1.81970727405,,10,-0.339113092731913,0.892344113864759,10,200,0.995631388888889,0.068,0.924444444444444,0,10,65,2000,0,0,64,1,0,0,0,98.4615384615385,1.53846153846154,,-0.149529537110343,-0.2984167951875,,-0.104202010250971,1.14384828010144,,-0.017345885787891,0.0044830878175,,-0.020815908469465,1.64765050658167,,0.07165494057478,0.332461138865,,0.059176536496529,2.66148036952397,0.922776527777778,0.2055,0.771666666666667,0.922776527777778,0.2055,0.771666666666667,0.922776527777778,0.2055,0.771666666666667,0.83,0.306,0.66,0.83,0.306,0.66,0.83,0.306,0.66,0,0.972274861111111,0.05,0.944444444444444
9,29,0.978229317851959,0.87761202915437,0.143478260869565,0.710175057489796,0.87761202915437,0.143478260869565,0.710175057489796,0.87761202915437,0.143478260869565,0.710175057489796,0.991230898903352,0.859037599612182,0.144927536231884,0.711618031813964,0.023188405797102,10.9877549658265,0.892856839115163,0.160869565217391,0.673993547123873,0.892856839115163,0.160869565217391,0.673993547123873,0.892856839115163,0.160869565217391,0.673993547123873,55.5072463768116,383,3.49644021180463,214.669972427528,1017.38550724638,0.42570942667283,14,13.1406550144454,5210.1025983027,1.25376391235358,49.931703911167,207.058429970225,0.090212322898192,12.8979229452777,4.2,4.42386714357869,901.509140944707,0.501039554526696,1.119236129453,2.22340579710145,0.0006029571694,2,1.14589155555593,3.34651335927813,44.4927536231884,307,0.894011578080803,0.215942028985507,0.549264776802546,5,2,16,690,37,67,6,10,31.25,5.36231884057971,0.606884057971014,37.5,62.5,0.816200615824596,1.98532544753123,2.35585144927537,0.0053788372102,1.40308273238767,4.48383336548978,0.984795333456866,15.3487808755972,18.1634478645633,0.02960326183246,2.80766165468003,8.4680128733997,1.39388043097786,91.7895665608342,392.357455098153,0.13272286566341,7.14955364669576,1432.8807257446,0.885776613568519,0.144927536231884,0.710514612718897,0.885776613568519,0.144927536231884,0.710514612718897,0.885776613568519,0.144927536231884,0.710514612718897,0.767220900695161,0.249275362318841,0.491050063039805,0.767220900695161,0.249275362318841,0.491050063039805,0.767220900695161,0.249275362318841,0.491050063039805,4.04969134626332,0.818418792151793,0.178260869565217,0.638281549673955
10,32,0.102902374670185,0.978271176206214,0.050582241630277,0.943786083894603,0.978271176206214,0.050582241630277,0.943786083894603,0.978271176206214,0.050582241630277,0.943786083894603,3.32077173889059,0.717337309126432,0.79585152838428,0.11176167822866,0.001546579330422,,0.98177497879659,0.044395924308588,0.950661648654919,0.98177497879659,0.044395924308588,0.950661648654919,0.98177497879659,0.044395924308588,0.950661648654919,10.4075691411936,1144,,3.05074728454759,85.120269286754,,10,0.948264683112214,41.7603998331204,,-0.501042935533417,50.711045533115,,,10,-0.039196082120309,29.7742382373348,,-1.68579317446965,28.8453420669578,,10,-1.49118287520293,16.218570675494,9.59788937409025,1055,0.979688395024371,0.142558224163028,0.841573443111714,0,10,17,10992,0,0,16,1,0,0,0,94.1176470588235,5.88235294117647,,-1.19726008459201,35.9063637190684,,-0.425089684878079,26.5064100171066,,-0.783902155050096,48.5289301310045,,0.086459471626972,30.2414923899796,,-0.260617128652207,59.6044168486171,,0.447357294779072,34.2272193679906,0.986382794455412,0.067776564774381,0.924677138857113,0.986382794455412,0.067776564774381,0.924677138857113,0.986382794455412,0.067776564774381,0.924677138857113,0.969898219538114,0.054130276564774,0.939841267350443,0.969898219538114,0.054130276564774,0.939841267350443,0.969898219538114,0.054130276564774,0.939841267350443,0,0.995600069205467,0.007914847161572,0.991204094219016
11,2074,0.187431948981179,0.925573607238884,0.148367029548989,0.816764272883593,0.925573607238884,0.148367029548989,0.816764272883593,0.925573607238884,0.148367029548989,0.816764272883593,2.48336187604566,0.710936921295261,0.563452566096423,0.268286446980906,0.005754276827372,,0.919605994613082,0.141368584758942,0.82515021112572,0.919605994613082,0.141368584758942,0.82515021112572,0.919605994613082,0.141368584758942,0.82515021112572,23.8102643856921,1531,,1.27798536166581,-0.00012632970451,,6,0.91949549901627,1.00028828197508,,-0.15411688047872,-0.000556088526007,,,6,0.040460233851003,1.00002199538629,,-0.919828238780768,-0.000862968584759,,6,-0.674011872272871,0.99963874376075,9.72006220839813,625,0.960599216007802,0.203265940902022,0.751371456666573,0,6,37,6430,0,0,36,1,0,0,0,97.2972972972973,2.7027027027027,,-0.839381165749838,-0.000743770995334,,-0.51709612594571,0.999947604667104,,-0.479846940640468,-0.000598093468118,,-0.039974982801916,1.0000052923046,,0.850974733512636,-0.000356945412131,,0.67444582734854,1.00019496903999,0.962333455035218,0.153499222395023,0.810002884500383,0.962333455035218,0.153499222395023,0.810002884500383,0.962333455035218,0.153499222395023,0.810002884500383,0.899117055498393,0.166251944012442,0.7945482122759,0.899117055498393,0.166251944012442,0.7945482122759,0.899117055498393,0.166251944012442,0.7945482122759,0,0.935509127648047,0.107620528771384,0.867383794884854
12,49,0.998955067920585,0.743513992070518,0.239039665970772,0.419221788647158,0.743513992070518,0.239039665970772,0.419221788647158,0.743513992070518,0.239039665970772,0.419221788647158,0.930953986250796,0.667842295700373,0.30062630480167,0.339967848120646,0.010438413361169,49.4504509679742,0.849325416682705,0.18580375782881,0.577195053010543,0.849325416682705,0.18580375782881,0.577195053010543,0.849325416682705,0.18580375782881,0.577195053010543,65.3444676409186,626,1.56477950938732,,,0.08718670223057,3,,,1.53803654138659,,,0.018825995881286,80.6974863420377,2.9,,,1.47062845490403,,,0.00700514266598,2,,,34.6555323590814,332,0.746145925555256,0.28705636743215,0.314300141070155,1,2,10,958,0,0,0,10,10,0,0,0,100,1.52814559500649,,,0.00700514266598,,,1.52814559500649,,,0.01355667250927,,,1.56477950938732,,,0.01355667250927,,,0.825426305862427,0.203549060542797,0.529614092692286,0.825426305862427,0.203549060542797,0.529614092692286,0.825426305862427,0.203549060542797,0.529614092692286,0.770362600561992,0.22964509394572,0.497927485825909,0.770362600561992,0.22964509394572,0.497927485825909,0.770362600561992,0.22964509394572,0.497927485825909,0.316227766016838,0.996273432387698,0.028183716075157,0.93674278922578
13,23,0.996603260869565,0.659998600990483,0.489477257298031,0.230275888960238,0.659998600990483,0.489477257298031,0.230275888960238,0.659998600990483,0.489477257298031,0.230275888960238,1.53903458324975,0.555295048780074,0.572980312287848,0,0.006788866259335,53.2748852384512,0.652016408154291,0.504412763068568,0.218164036827276,0.652016408154291,0.504412763068568,0.218164036827276,0.652016408154291,0.504412763068568,0.218164036827276,42.7019687712152,629,1.86675506940419,1.52960655133166,32.5383570943652,0.07090633894894,4,1.09901394610609,8.22724475547061,1.22081229697888,0.292856030233902,17.8998642226748,0.028888557457444,41.2593720291246,3.125,0.677731575793991,5.29289680907901,0.380671663040156,-0.943894490863856,3.26137135098439,0.00258233237972,2,0.256449205481893,2.35854886268741,22.6069246435845,333,0.679800651960314,0.506449422946368,0.233605476906853,3,3,10,1473,0,0,2,8,30,0,0,20,80,0.608223980327284,-0.943894490863856,3.26137135098439,0.00982050143438,0.256449205481893,2.35854886268741,1.44798851113234,0.292856030233902,17.8998642226748,0.03047421456026,0.677731575793991,5.29289680907901,1.7578393436352,1.52960655133166,32.5383570943652,0.04013859922938,1.09901394610609,8.22724475547061,0.671987616508371,0.488119484046164,0.2450074067315,0.671987616508371,0.488119484046164,0.2450074067315,0.671987616508371,0.488119484046164,0.2450074067315,0.601288677667551,0.520706042090971,0.193423543824479,0.601288677667551,0.520706042090971,0.193423543824479,0.601288677667551,0.520706042090971,0.193423543824479,0.991031208965115,0.58106475036792,0.551255940257977,0.148908736935583
14,3917,0.999051233396584,0.707259943088955,0.15647226173542,0.260434067405414,0.707259943088955,0.15647226173542,0.260434067405414,0.707259943088955,0.15647226173542,0.260434067405414,0.62117334223338,0.712374711401822,0.154575628259839,0,0.010431484115695,,0.703078495263721,0.152678994784258,0.223026669565118,0.703078495263721,0.152678994784258,0.223026669565118,0.703078495263721,0.152678994784258,0.223026669565118,84.5424371740161,1783,,103.079045201341,5242.38623992416,,2,8.78903414989583,17444.9812113786,,31.853391931073,285.096916615865,,,2,4.2031781368284,915.455014376506,,1.24139502086817,0.086737790422001,,2,1.14076585041411,0.175506526363165,15.4575628259839,326,0.789550328357717,0.174490279753438,0.300840311909944,1,2,22,2109,0,0,21,1,4.54545454545455,0,0,95.4545454545455,4.54545454545455,,12.2849056442522,1.71702228544335,,2.86981169566998,3.2305652323986,,22.4227767080973,7.63167377904224,,3.73710137855705,7.86364554905979,,36.5303308284148,26.1418942626839,,4.70642134072717,41.9252271712133,0.764935708411755,0.144144144144144,0.184937898068929,0.764935708411755,0.144144144144144,0.184937898068929,0.764935708411755,0.144144144144144,0.184937898068929,0.640408390078072,0.176386913229019,0.311319131604173,0.640408390078072,0.176386913229019,0.311319131604173,0.640408390078072,0.176386913229019,0.311319131604173,0,0.747044748812104,0.151256519677572,0.350454788140462
15,3021,0.88650225404402,0.928863614969235,0.025185577942736,0.775971971801752,0.928863614969235,0.025185577942736,0.775971971801752,0.928863614969235,0.025185577942736,0.775971971801752,0.33235055553211,0.932212755708943,0.034464475079533,0.742016538804319,0.007953340402969,64.9291942345558,0.93536751302919,0.015641569459173,0.857926804355376,0.93536751302919,0.015641569459173,0.857926804355376,0.93536751302919,0.015641569459173,0.857926804355376,93.8759278897137,3541,1.52068991250741,238.181462378064,110.469648656628,0.06006915971583,5,13.8826527550417,35.604247607641,0.337555304711285,51.4131350655101,46.4366896964114,0.00511866132716,64.9460126654915,2.08695652173913,3.56919188246911,19.0538775889656,0,4.07347149874896,0.994999704579025,0,1,1.23267423850728,0.195457275113288,6.12407211028632,231,0.921866947220681,0.07423117709438,0.51963075389263,21,2,30,3772,3772,6064,7,23,70,100,5.35878402262283,23.3333333333333,76.6666666666667,0.098740171971969,5.98219704323206,1.75887480126963,0.000501773908438,1.25894659347831,0.669439962143292,0.259374852317029,8.87130380657577,28.4113225829566,0.00129044182719,1.53815289462171,22.3032143933016,0.475931801914981,90.9424881032934,108.856920777543,0.003349175240678,4.93752403892562,33.7183351568722,0.959137304378761,0.014050901378579,0.871287001220712,0.959137304378761,0.014050901378579,0.871287001220712,0.959137304378761,0.014050901378579,0.871287001220712,0.785261166486192,0.036585365853659,0.652262442532075,0.785261166486192,0.036585365853659,0.652262442532075,0.785261166486192,0.036585365853659,0.652262442532075,0.668311541278118,0.789558554031867,0.041092258748675,0.615378542877668
16,9985,0.367827366356057,,,,,,,,,,2.30000705806735,,,,0.008499509643674,,,,,,,,,,,41.7456685191239,2554,,2944.65253170784,0.052954623733246,,6,53.7848449155588,1.50636629202785,,228.190867259573,-0.000551033119884,,,6,7.44097602787365,0.991643851918798,,-0.971971602375862,-0.040910567015363,,6,-1.87576442711044,0.839462212914345,7.94377247466492,486,,,,0,6,52,6118,0,0,51,1,0,0,0,98.0769230769231,1.92307692307692,,1.33267739753442,-0.008159799444265,,1.33304416334581,0.972785674515244,,15.2865014445652,-0.002469232265447,,3.142627990884,0.99719270235299,,137.491180650522,0.002845900948023,,10.454373740046,1.00366804163414,,,,,,,,,,,,,,,,,,,0,,,
17,9964,0.925251256281407,,,,,,,,,,3.32181948968678,,,,0.161330822347771,,,,,,,,,,,10.1694915254237,162,,19.6155094320223,0.646578782172002,,10,4.64659917136923,0.500062297582379,,-0.963361198943237,0.328625235404896,,,10,0.809382047759185,0.455350537447815,,-2.00099559442172,0.040803515379787,,10,-0.613837350622772,0.197896874793316,9.73006905210295,155,,,,0,10,257,1593,0,0,256,1,0,0,0,99.6108949416342,0.389105058365759,,-1.78655407262485,0.258788449466416,,0.448148438412226,0.438106584777275,,-1.44132021694112,0.324858757062147,,0.748657859126275,0.468468995728742,,-0.785391822714815,0.390772128060264,,1.10253942785316,0.487217590311584,,,,,,,,,,,,,,,,,,,0,,,
18,10101,0.730923694779116,,,,,,,,,,0.791644629845233,,,,0.00668449197861,,,,,,,,,,,76.2032085561497,570,,15.876151978542,1378.67647058823,,2,3.21126547418486,1459.8267807725,,10.2245052503503,356.994986631016,,,2,2.26311119292517,374.534549474877,,-0.245631179402426,5.51470588235295,,2,0.749450290627129,5.83930712309003,23.7967914438503,178,,,,1,2,5,748,0,0,4,1,20,0,0,80,20,,2.16361367137821,6.51270053475937,,1.03220360114632,6.40332925114233,,12.6337501011309,21.894385026738,,2.54586450344435,16.2360550019567,,15.8761519785419,1042.57787433155,,3.21126547418485,1100.96426417153,,,,,,,,,,,,,,,,,,,0,,,
19,3022,0,0.860874298540965,0.305050505050505,0.664444444444445,0.860874298540965,0.305050505050505,0.664444444444445,0.860874298540965,0.305050505050505,0.664444444444445,3.4594316186373,0.677468013468014,0.824242424242424,0.093333333333333,0.013131313131313,,0.873031425364758,0.32020202020202,0.647777777777778,0.873031425364758,0.32020202020202,0.647777777777778,0.873031425364758,0.32020202020202,0.647777777777778,9.09090909090909,90,3.90689059560852,0.152436880247714,1.88176363636364,0,15,0.357060422121038,1.17527200418152,2.45184111379508,-0.391427215016846,-0.103180404040404,0,,9.33333333333333,0.091115272850625,0.699331810942439,0.996791631981636,-0.762139518464285,-3.2037404040404,0,2,-0.206152045563821,0.46192683815132,9.09090909090909,90,0.944771043771044,0.416161616161616,0.542222222222222,1,11,13,990,0,0,10,3,7.69230769230769,0,0,76.9230769230769,23.0769230769231,0.996791631981636,-0.559856919896674,-0.356185606060606,0,-0.006222604957687,0.572516912322431,2.45184111379508,-0.426099397478519,-0.03785202020202,0,0.060133853139576,0.634293879053562,3.90689059560852,-0.24255761544064,0.544173232323232,0,0.250622907754395,0.78669280818607,0.840629068462402,0.639393939393939,0.296666666666667,0.840629068462402,0.639393939393939,0.296666666666667,0.840629068462402,0.639393939393939,0.296666666666667,0.847517396184063,0.290909090909091,0.68,0.847517396184063,0.290909090909091,0.68,0.847517396184063,0.290909090909091,0.68,6.65832811847939,0.957222222222222,0.077777777777778,0.914444444444444
20,3918,0.998194945848375,0.752233715896507,0.067628494138864,0.105962400438554,0.752233715896507,0.067628494138864,0.105962400438554,0.752233715896507,0.067628494138864,0.105962400438554,0.363800105319234,0.727411154736736,0.069431920649234,0,0.019837691614067,,0.565545404208195,0.073038773669973,0.212323421867191,0.565545404208195,0.073038773669973,0.212323421867191,0.565545404208195,0.073038773669973,0.212323421867191,93.0568079350767,1032,,410.488386739954,28822.882380523,,2,18.5502210727807,170643.603327784,,116.045280586331,1500.99496758126,,,2,8.00850555481951,8678.60958856453,,13.7301071387425,0.12941388638413,,2,2.17221081260295,0.146951940331808,6.94319206492336,77,0.686937200841672,0.110009017132552,0.214744222219643,1,2,22,1109,0,0,21,1,4.54545454545455,0,0,95.4545454545455,4.54545454545455,,56.288454200325,4.0087466185753,,5.65079648456228,7.29211125886249,,90.7165118075385,15.3962669071235,,7.42833146125743,16.5406759986595,,113.15687940288,58.6976555455366,,8.41665120804005,99.0059625086724,0.694534632034632,0.074842200180343,0.030502512033537,0.694534632034632,0.074842200180343,0.030502512033537,0.694534632034632,0.074842200180343,0.030502512033537,0.602757223396758,0.099188458070334,0.213515743868788,0.602757223396758,0.099188458070334,0.213515743868788,0.602757223396758,0.099188458070334,0.213515743868788,0,0.702229940602034,0.073038773669973,0.409963019646224
21,9952,0.591893392559689,0.855017746296332,0.181532198371577,0.557943030586038,0.855017746296332,0.181532198371577,0.557943030586038,0.855017746296332,0.181532198371577,0.557943030586038,0.873182257724141,0.740486673928567,0.24740932642487,0.448815416069085,0.001110288675056,,0.867868700527204,0.168948926720947,0.589349398071699,0.867868700527204,0.168948926720947,0.589349398071699,0.867868700527204,0.168948926720947,0.589349398071699,70.6513693560326,3818,,1.76511740331349,6.10658771238514E-09,,2,1.48239305278484,1.0000000160708,,0.339748988609569,-1.22871946805743E-08,,,2,0.779465258609503,1.00000000461672,,-0.857283480990931,-6.69874167529157E-08,,2,0.209494850500571,0.999999998476544,29.3486306439674,1586,0.817348730411531,0.240377498149519,0.463384646055961,1,2,6,5404,0,0,5,1,16.6666666666667,0,0,83.3333333333333,16.6666666666667,,-0.65905958013793,-3.82124352773001E-08,,0.342883381701022,0.999999999730918,,-0.306649651869034,3.33086606170821E-09,,0.484231000690006,1.00000000308763,,1.66175687759637,5.8290155450103E-09,,1.36366426447773,1.00000001026707,0.87563282902981,0.165988156920799,0.589375337994896,0.87563282902981,0.165988156920799,0.589375337994896,0.87563282902981,0.165988156920799,0.589375337994896,0.806560250542166,0.155625462620281,0.620323005360031,0.806560250542166,0.155625462620281,0.620323005360031,0.806560250542166,0.155625462620281,0.620323005360031,0,0.836714586841252,0.126757957068838,0.687722709333276
22,3903,0.814340588988476,0.499821810406272,0.102367242482406,0,0.499821810406272,0.102367242482406,0,0.499821810406272,0.102367242482406,0,0.476454971425323,0.706029490377762,0.102367242482406,0,0.024312220089571,,0.531203225231646,0.119001919385797,0.118052858945733,0.531203225231646,0.119001919385797,0.118052858945733,0.531203225231646,0.119001919385797,0.118052858945733,89.7632757517594,1403,,1039.33800683887,34072.8226935381,,2,30.4889935171502,358165.935727306,,238.954045859808,1008.14586726842,,,2,10.3243255976991,10334.5031243294,,-1.48223702606571,0.124555342290467,,2,-0.589505300437794,0.129438277112595,10.2367242482406,160,0.661272700647411,0.482405630198336,0.067912190121863,1,2,38,1563,0,0,37,1,2.63157894736842,0,0,97.3684210526316,2.63157894736842,,9.98421497646534,1.44185860524632,,2.63242021711077,2.05838260255549,,144.273194565914,7.6378758797185,,9.77747153876918,15.9282805282408,,407.273820770706,22.6765834932821,,16.2997238105645,43.85840094501,0.748516571632217,0.110044785668586,0.110656795220421,0.748516571632217,0.110044785668586,0.110656795220421,0.748516571632217,0.110044785668586,0.110656795220421,0.590119387027798,0.163787587971849,0.168613566379514,0.590119387027798,0.163787587971849,0.168613566379514,0.590119387027798,0.163787587971849,0.168613566379514,0,0.641110566642908,0.122840690978887,0.257577706747945
23,9957,0.997153700189753,,,,,,,,,,0.922348606304057,,,,0.039810426540284,,,,,,,,,,,66.2559241706161,699,,812.724026378075,37.0556398104265,,2,26.8459832401498,11.8958891985884,,44.7132374855937,2.68352157438446,,,2,3.7986392200533,1.59439601555547,,-0.22188039038879,-0.197128909952607,,2,-1.76219766062596,0.03014295651192,33.7440758293839,356,,,,1,2,42,1055,0,0,41,1,2.38095238095238,0,0,97.6190476190476,2.38095238095238,,3.38271250973282,0.101895734597157,,1.41178100339932,0.241070826023804,,11.7741680189779,1.13110616113744,,2.61541821956032,0.831308169063024,,46.8879467506953,2.61338056872038,,5.71301396137191,2.03006418768942,,,,,,,,,,,,,,,,,,,0,,,
24,146800,0.993512511584801,,,,,,,,,,2.99302678731655,,,,0.075925925925926,,,,,,,,,,,13.8888888888889,150,,62.5485058881551,3.84393394629991,,8,4.73890032427543,1.29516946789983,,4.53957626531183,0.671886812025728,,,8,0.785604130821836,0.158214178184831,,-0.737462966449089,0.12088914805463,,8,-0.881216737868544,0.013233318836526,9.72222222222222,105,,,,3,8,82,1080,528,1396,77,5,3.65853658536585,48.8888888888889,1.57633242999097,93.9024390243902,6.09756097560976,,0.210078249191084,0.194287056601043,,0.030014956042017,0.032241305449672,,0.892962900950149,0.37851854251532,,0.458949855249333,0.066432158955567,,2.28884362052963,0.792429770604921,,0.97426972420649,0.230569867001959,,,,,,,,,,,,,,,,,,,0,,,
25,3549,0.996428571428571,0.938836470439565,0.083234244946492,0.878592022173918,0.938836470439565,0.083234244946492,0.878592022173918,0.938836470439565,0.083234244946492,0.878592022173918,1.78741604922617,0.748706303218479,0.441141498216409,0.339267714201008,0.084423305588585,,0.938943455918936,0.083234244946492,0.878602537242028,0.938943455918936,0.083234244946492,0.878602537242028,0.938943455918936,0.083234244946492,0.878602537242028,37.6932223543401,317,,21.2317172343357,77.3602853745541,,4,4.08718673680509,31.0717264209057,,2.35912946035153,10.1252420587736,,,4,1.11470211193299,5.35652608394635,,-0.790261586298875,0.444708680142687,,4,-0.040708920607288,0.804510316624665,6.53983353151011,55,0.995607316732163,0.014268727705113,0.979222896812407,0,4,71,841,0,0,70,1,0,0,0,98.5915492957747,1.40845070422535,,0.361678143506505,3.12722948870393,,0.703817248429643,2.52037296804629,,1.41412298032805,5.03091557669441,,1.03225390445979,3.90263976659653,,2.44238365002708,11.9363852556481,,1.33973457974337,6.20793416856743,0.94584560250496,0.105826397146254,0.845654661868872,0.94584560250496,0.105826397146254,0.845654661868872,0.94584560250496,0.105826397146254,0.845654661868872,0.886445192114545,0.15576694411415,0.772609813788178,0.886445192114545,0.15576694411415,0.772609813788178,0.886445192114545,0.15576694411415,0.772609813788178,0,0.993547247938765,0.011890606420928,0.98269899752931
26,146822,0.148116067561715,,,,,,,,,,2.8073549220576,,,,0.008658008658009,,,,,,,,,,,14.2857142857143,330,,339.221094272976,123.417316017316,,7,16.9009352548699,58.8115278655523,,40.8544296955999,19.061993650369,,,7,3.51321763978583,22.6679468137816,,-0.750472361231043,-12.6908603593074,,7,-0.885360841842167,0,14.2857142857143,330,,,,0,7,20,2310,0,0,19,1,0,0,0,95,5,,0.137769637266754,0.0119288,,0.863048794831639,1.21607901348223,,0.810254397518281,6.97650622012643,,1.33148221699341,15.5776899364444,,35.912839838018,34.8720993805519,,5.41396265355183,43.0731849314622,,,,,,,,,,,,,,,,,,,0,,,
27,3902,0.780370624571036,0.829626053370787,0.108367626886145,0.302037254735617,0.829626053370787,0.108367626886145,0.302037254735617,0.829626053370787,0.108367626886145,0.302037254735617,0.535324721632944,0.833806618679775,0.122085048010974,0,0.026063100137174,,0.707573297050562,0.111796982167353,0.430236628227566,0.707573297050562,0.111796982167353,0.430236628227566,0.707573297050562,0.111796982167353,0.430236628227566,87.7914951989026,1280,,771.633288813774,19505.5195404664,,2,25.4838519764249,62600.2550646944,,105.087148007522,583.464033477923,,,2,6.45028223294306,1837.82906696685,,-1.51095302999498,0.070644718792867,,2,-0.463930688816981,0.119862370270413,12.2085048010974,178,0.819186430012253,0.168724279835391,0.300820298488842,1,2,38,1458,0,0,37,1,2.63157894736842,0,0,97.3684210526316,2.63157894736842,,9.73606658084686,1.46810699588477,,2.81613180739423,2.02135663677232,,48.0499420976743,6.99725651577503,,5.71099095249831,9.48740590701204,,173.88063402602,19.7088477366255,,9.4882619324992,26.3737750449505,0.867940221207865,0.111111111111111,0.349523012183568,0.867940221207865,0.111111111111111,0.349523012183568,0.867940221207865,0.111111111111111,0.349523012183568,0.657832250702247,0.137860082304527,0.32590363939992,0.657832250702247,0.137860082304527,0.32590363939992,0.657832250702247,0.137860082304527,0.32590363939992,0,0.683514747191011,0.149519890260631,0.318954360402829
28,146824,0.995497748874437,,,,,,,,,,3.32192809488736,,,,0.1205,,,,,,,,,,,10,200,,18.116346562002,6.2765,,10,4.30240929394168,2.88841591070894,,-0.827860818739746,4.02627083333333,,,10,-0.036370343042859,2.44612014203143,,-1.91839864468792,1.175,,10,-2.33851061277803,0.690371861139572,10,200,,,,0,10,241,2000,0,0,240,1,0,0,0,99.5850622406639,0.4149377593361,,-1.76910699566242,3.35125,,-0.688928321379161,2.22524038654539,,-1.55027610848107,4.09775000000001,,-0.183814474814559,2.62036127620445,,-0.683583478554495,4.934375,,0.382472757845829,2.72955347304124,,,,,,,,,,,,,,,,,,,0,,,
29,167119,0.70083448614396,,,,,,,,,,1.34910908890915,,,,0.000156183761351,,,,,,,,,,,51.4558557754524,23062,,-1.2472680868231,4.15870501349893,,3,4.447057582455E-05,2.75532551916445,,-1.33447778992677,3.71957949381592,,,3,-0.209746859769795,2.52353340793994,,-1.42167419390653,2.99993306410228,,3,-0.629250953527884,2.10192022414227,9.67223722082153,4335,,,,0,3,7,44819,0,0,6,1,0,0,0,85.7142857142857,14.2857142857143,,-1.42167419390653,2.99994979807671,,-0.629250953527873,2.10194012810348,,-1.33449108905066,4.00008924786359,,-2.71930335437723E-05,2.71334121120562,,-1.24726808682312,4.15870501349893,,3.41155901404605E-05,2.75532551916445,,,,,,,,,,,,,,,,,,,0,,,
30,146817,0.996907216494845,,,,,,,,,,2.41069044227244,,,,0.014425553838228,,,,,,,,,,,34.672849046883,673,,1663.05184757182,1650738.70530654,,7,39.2931584066663,1774590.08900021,,109.586036802786,130102.825196405,,,7,3.74124738397877,150690.091526298,,-1.85635641328637,-0.131305048943843,,7,-0.92858241247698,0.05896116935205,2.83359093250902,55,,,,0,7,28,1941,0,0,27,1,0,0,0,96.4285714285714,3.57142857142857,,-1.14514346010092,0.570767130345183,,-0.056305677082069,0.299711748736593,,-0.041448109792152,1.40327130345183,,0.679338718495205,0.500868046538118,,11.3571935964702,571.13601236476,,2.81116895623689,426.482879217764,,,,,,,,,,,,,,,,,,,0,,,
31,14954,0.810760667903525,,,,,,,,,,0.982474086838641,,,,0.074074074074074,17.8652327870589,,,,,,,,,,57.7777777777778,312,4.99063588385691,137.577337619227,37287.5314814815,0.21641365622803,71,11.529524541398,8728.99830725076,1.29694846304372,10.368503105342,2198.88373766865,0.054993634762505,22.5836105150117,7.3,1.19274546074371,506.960278147402,0,-1.75194735365703,0.038144329896907,0,1,-1.94885410008088,0.193353820711846,42.2222222222222,228,,,,4,2,40,540,263,999,18,22,10,48.7037037037037,4.625,45,55,0.360559864375575,0.376651144463588,2.12927774676065,0.00779021646024,-0.184595811026555,1.09567640551857,1.12525206591005,1.46491085189995,32.8373144005706,0.04690027695841,0.415206246052901,4.75843543227121,1.39380564420652,5.48146204903642,61.3661910735369,0.09383719225758,1.30623097477122,8.30257332363641,,,,,,,,,,,,,,,,,,,15.5668338395922,,,
32,125922,0.99818148754319,,,,,,,,,,3.4594316186373,,,,0.007454545454545,,,,,,,,,,,9.09090909090909,500,,11.4486112122942,-0.242159090909091,,11,2.66885067961568,0.348365914467593,,1.19813505933976,-0.605516622727273,,,11,0.285313637572994,0.233201301745677,,-1.08051179225342,-1.09830545454545,,11,-1.14024098171393,0.138976882172918,9.09090909090909,500,,,,0,11,41,5500,0,0,40,1,0,0,0,97.5609756097561,2.4390243902439,,-0.61864345904464,-0.707520045454545,,-0.286449496999382,0.200572356929774,,0.030664066794594,-0.580428,,0.027156539944742,0.222246727329651,,1.08622522594364,-0.485275636363636,,0.518893846500485,0.253511271479863,,,,,,,,,,,,,,,,,,,0,,,
33,31,0.56956956956957,0.720828571428571,0.273,0.305696846388606,0.720828571428571,0.273,0.305696846388606,0.720828571428571,0.273,0.305696846388606,0.881290899230693,0.664761904761905,0.3,0,0.021,43.593036016305,0.661747619047619,0.279,0.244312026002167,0.661747619047619,0.279,0.244312026002167,0.661747619047619,0.279,0.244312026002167,70,700,2.66667775985185,4.2925903080485,3271.258,0.09473884155264,10,1.94962767983262,2822.73687596044,1.43389322550284,0.92427752579811,476.583857142857,0.020216323059056,69.927498601706,4,0.920379125716907,407.047618828212,0.228364025840565,-1.38144850274938,1.155,0.00096366001491,2,-0.531348114312563,0.362085771753192,30,300,0.786047619047619,0.248,0.37246963562753,3,2,21,1000,0,0,7,14,14.2857142857143,0,0,33.3333333333333,66.6666666666667,0.90897791488343,-1.21047311793798,1.407,0.005310005973835,-0.27256981403372,0.577654468246099,1.53210362811872,0.919781360054633,2.973,0.01275318647802,1.09418417155554,1.11871467431267,1.87491203014935,1.64927369366993,35.546,0.02650410754481,1.90944472129751,12.0588144527564,0.700292857142857,0.269,0.222543352601156,0.700292857142857,0.269,0.222543352601156,0.700292857142857,0.269,0.222543352601156,0.65802380952381,0.298,0.278100775193798,0.65802380952381,0.298,0.278100775193798,0.65802380952381,0.298,0.278100775193798,2.03809866146027,0.649047619047619,0.286,0.304474708171206
34,14,0.995497748874437,0.879430416666666,0.254,0.717777777777778,0.879430416666666,0.254,0.717777777777778,0.879430416666666,0.254,0.717777777777778,3.32192809488736,0.72435,0.8045,0.106111111111111,0.0385,,0.859421944444444,0.282,0.686666666666667,0.859421944444444,0.282,0.686666666666667,0.859421944444444,0.282,0.686666666666667,10,200,,1.99492262025881,0.37731057175,,10,1.02998553464932,0.176230670631931,,0.119006280823268,0.132032084017697,,,10,0.544700683584278,0.067107951666884,,-1.12527931033145,0.07169202572,,10,-0.12062462029872,0.037555498917336,10,200,0.9626375,0.2465,0.726111111111111,0,10,77,2000,0,0,76,1,0,0,0,98.7012987012987,1.2987012987013,,-0.178901488001949,0.0863261346625,,0.40899076362777,0.04270430540291,,0.063023013581137,0.1064998764125,,0.554228167552308,0.052759297535722,,0.438104023692368,0.15576810663375,,0.710784769479195,0.086335201142934,0.926123333333333,0.2845,0.683888888888889,0.926123333333333,0.2845,0.683888888888889,0.926123333333333,0.2845,0.683888888888889,0.791388888888889,0.3755,0.582777777777778,0.791388888888889,0.3755,0.582777777777778,0.791388888888889,0.3755,0.582777777777778,0,0.882509166666667,0.2115,0.765
35,28,0.0925431571454,0.943778542024629,0.115836298932384,0.871288092866263,0.943778542024629,0.115836298932384,0.871288092866263,0.943778542024629,0.115836298932384,0.871288092866263,3.32183272486677,0.685478631752301,0.801779359430605,0.1089552465678,0.011565836298932,,0.942167213970868,0.120284697508897,0.866345540219258,0.942167213970868,0.120284697508897,0.866345540219258,0.942167213970868,0.120284697508897,0.866345540219258,10.1779359430605,572,,2807.49857581535,11.9896797153025,,10,52.9952777713842,6.51823849032308,,168.553869301059,4.91124332740214,,,10,5.45118565937544,3.68629246492863,,-1.64651985294215,0,,10,-1.30299245171573,0,9.8576512455516,554,0.984087923755525,0.090569395017794,0.899368454009539,0,10,65,5620,0,0,64,1,0,0,0,98.4615384615385,1.53846153846154,,-1.3729913768757,0.261032028469753,,-0.329927005951751,0.967117090400379,,0.077216474327736,4.56556939501779,,0.559945115713991,4.30174689792431,,20.2964051162142,9.04915480427047,,4.06661197397126,5.86637152935096,0.956425400938372,0.143238434163701,0.84083890537301,0.956425400938372,0.143238434163701,0.84083890537301,0.956425400938372,0.143238434163701,0.84083890537301,0.910334820783592,0.161387900355872,0.820679858382772,0.910334820783592,0.161387900355872,0.820679858382772,0.910334820783592,0.161387900355872,0.820679858382772,0,0.990615669145613,0.016903914590747,0.981217455080905
36,43,0.999782608695652,0.939731462789466,0.085633557922191,0.820887644565926,0.939731462789466,0.085633557922191,0.820887644565926,0.939731462789466,0.085633557922191,0.820887644565926,0.967360237180767,0.794157412470591,0.209302325581395,0.549772420190581,0.012605955227125,,0.924526633329667,0.08411214953271,0.82347465212921,0.924526633329667,0.08411214953271,0.82347465212921,0.924526633329667,0.08411214953271,0.82347465212921,60.5955227124538,2788,,1480.64205028629,283.289284938057,,2,31.0620642790396,606.347850724847,,241.170018651773,6.15077019107214,,,2,11.1866390960293,15.1939976945467,,5.25739436798812,0.005444468593784,,2,1.59167426870642,0.076274270637249,39.4044772875462,1813,0.93523126498161,0.202347315800913,0.605321391923295,1,2,58,4601,0,0,57,1,1.72413793103448,0,0,98.2758620689655,1.72413793103448,,50.655931063003,0.064793523147141,,5.85072301506614,0.31695822185669,,127.376529348496,0.102851554009999,,9.72484752997831,0.444055328982132,,299.072373425773,0.244130623777439,,13.6461880949806,0.84374508620484,0.938667985322013,0.103455770484677,0.780780590206257,0.938667985322013,0.103455770484677,0.780780590206257,0.938667985322013,0.103455770484677,0.780780590206257,0.891177499345157,0.104107802651597,0.781973609246172,0.891177499345157,0.104107802651597,0.781973609246172,0.891177499345157,0.104107802651597,0.781973609246172,0,0.893733465700057,0.107367963486199,0.775167746729542
37,53,0.257988165680473,0.828730041502564,0.319148936170213,0.574370555878539,0.828730041502564,0.319148936170213,0.574370555878539,0.828730041502564,0.319148936170213,0.574370555878539,1.99906676553436,0.649286470998135,0.595744680851064,0.212102733536967,0.022458628841608,,0.831673385944137,0.310874704491726,0.585095372979303,0.831673385944137,0.310874704491726,0.585095372979303,0.831673385944137,0.310874704491726,0.585095372979303,25.7683215130024,218,,58.3754554736317,439.91134751773,,4,6.77839361910897,176.692613613023,,5.15314051651477,117.634948778566,,,4,1.04157772836228,22.7708391720963,,-0.97847129630698,6.37706855791962,,4,-0.226341280329825,2.59213832768473,23.5224586288416,199,0.76655618418375,0.544917257683215,0.278696346930623,0,4,19,846,0,0,18,1,0,0,0,94.7368421052632,5.26315789473684,,-0.780932438280618,35.8460401891253,,0.254404572029882,6.16838654397138,,-0.441654515805093,87.8835697399527,,0.498242733946034,8.06136271270135,,0.164161363145858,178.183806146572,,0.789303136311914,31.6827498693165,0.878650559700936,0.316784869976359,0.577295735259846,0.878650559700936,0.316784869976359,0.577295735259846,0.878650559700936,0.316784869976359,0.577295735259846,0.790527508168895,0.313238770685579,0.582071912190175,0.790527508168895,0.313238770685579,0.582071912190175,0.790527508168895,0.313238770685579,0.582071912190175,0,0.786589987504791,0.319148936170213,0.574172981739884
38,11,0.697115384615385,0.840682459610946,0.1984,0.637396365541894,0.840682459610946,0.1984,0.637396365541894,0.840682459610946,0.1984,0.637396365541894,1.31811624644158,0.64691943620178,0.376,0.302670623145401,0.008,,0.840682459610946,0.1984,0.637396365541894,0.840682459610946,0.1984,0.637396365541894,0.840682459610946,0.1984,0.637396365541894,46.08,288,,-1.30079843924997,3,,3,0,1.41534629268074,,-1.30079843924998,3,,,3,0,1.41534629268074,,-1.30079843924998,3,,3,0,1.41534629268074,7.84,49,0.963095112100231,0.104,0.807121661721068,0,3,5,625,0,0,4,1,0,0,0,80,20,,-1.30079843924998,3,,0,1.41534629268074,,-1.30079843924998,3,,0,1.41534629268074,,-1.30079843924997,3,,0,1.41534629268074,0.852566827398615,0.2144,0.602373887240356,0.852566827398615,0.2144,0.602373887240356,0.852566827398615,0.2144,0.602373887240356,0.834430637982196,0.2144,0.62573177816508,0.834430637982196,0.2144,0.62573177816508,0.834430637982196,0.2144,0.62573177816508,0,0.923200869601055,0.1648,0.702793167128347
39,2079,0.393197278911565,0.823949396665721,0.418478260869565,0.463730710907874,0.823949396665721,0.418478260869565,0.463730710907874,0.823949396665721,0.418478260869565,0.463730710907874,2.26208362042827,0.751940166735096,0.505434782608696,0.302479861001422,0.027173913043478,5.93346844010206,0.818413715168323,0.396739130434783,0.493369857071799,0.818413715168323,0.396739130434783,0.493369857071799,0.818413715168323,0.396739130434783,0.493369857071799,29.0760869565217,214,4.23736375576356,734.941621179578,2054.73936899862,0.42753276429854,27,27.1092708462297,1551.77981858021,3.46263630605291,62.8659662581331,390.086828807273,0.381241367214446,8.08253039630191,13.6666666666667,2.55145301611518,172.610815624614,2.58106417394096,-1.88780259687034,-2.58423913043478,0.24650313929826,5,-0.697090872426674,0.493187844762852,14.2663043478261,105,0.852078817411874,0.451086956521739,0.427411833626245,0,5,20,736,95,448,14,6,0,12.9076086956522,3.04347826086957,70,30,2.90886146197427,-0.496142237673096,2.88290854572714,0.323312362530555,-0.396080016504711,0.778502789181291,3.4759821137656,0.428911508272138,6.24960261705882,0.40765214345173,0.111194789231309,1.34659965733986,4.00973824627519,1.36412396880527,403.002717391304,0.425964983779695,0.954894800887853,80.6176005625804,0.717137064080523,0.55570652173913,0.267201737153318,0.717137064080523,0.55570652173913,0.267201737153318,0.717137064080523,0.55570652173913,0.267201737153318,0.721950881331353,0.476902173913043,0.391513467041962,0.721950881331353,0.476902173913043,0.391513467041962,0.721950881331353,0.476902173913043,0.391513467041962,7.65941686205071,0.701815260269522,0.466032608695652,0.402286222996714
40,12,0.995497748874437,0.936031527777778,0.1335,0.851666666666667,0.936031527777778,0.1335,0.851666666666667,0.936031527777778,0.1335,0.851666666666667,3.32192809488736,0.720746944444444,0.8065,0.103888888888889,0.1085,,0.927710277777778,0.1375,0.847222222222222,0.927710277777778,0.1375,0.847222222222222,0.927710277777778,0.1375,0.847222222222222,10,200,,1.70128629999325,1141.5705,,10,0.863070530713912,153.511581389028,,-0.315188200704828,318.270388888889,,,10,0.027560516903782,49.5813131839563,,-1.38932095894786,6.7675,,10,-1.07382378906947,1.98548503530314,10,200,0.9919075,0.0765,0.915,0,10,217,2000,0,0,216,1,0,0,0,99.5391705069124,0.460829493087558,,-0.697046747546348,14.118125,,-0.219026367400319,5.54268931790961,,-0.402691165628732,146.47975,,-0.014119361298267,30.2900656769461,,0.011386305359974,684.50275,,0.366512597825114,91.5968712642852,0.948628472222222,0.1575,0.825,0.948628472222222,0.1575,0.825,0.948628472222222,0.1575,0.825,0.892777777777778,0.193,0.785555555555556,0.892777777777778,0.193,0.785555555555556,0.892777777777778,0.193,0.785555555555556,0,0.975326111111111,0.044,0.951111111111111
41,219,0.853302730021407,0.803864486736595,0.238391596045198,0.498353330649181,0.803864486736595,0.238391596045198,0.498353330649181,0.803864486736595,0.238391596045198,0.498353330649181,0.98350939060571,0.730516690157106,0.244438559322034,0.478435179517239,0.000198622881356,392.122368661762,0.902261751794528,0.121623411016949,0.750991124687842,0.902261751794528,0.121623411016949,0.750991124687842,0.902261751794528,0.121623411016949,0.750991124687842,57.5454625706215,26075,2.80735005663672,7047.77428785367,0.500526390911892,0.00250816956442,7,78.6870069252422,0.340307721790305,2.80735005663672,1029.1705407841,0.344182037590167,0.00250816956442,1118.28240277722,4.5,12.6181127025764,0.160418480366805,2.80735005663672,-1.31813740467297,0.003467033898305,0.00250816956442,2,-0.165814525794928,0.010213038212795,42.4545374293785,19237,0.789150574780042,0.270590572033898,0.405807342349015,1,2,9,45312,0,0,7,2,11.1111111111111,0,0,77.7777777777778,22.2222222222222,2.80735005663672,-1.20104207647202,0.057868310138595,0.00250816956442,-0.097739068549374,0.039990768954022,2.80735005663672,-0.086574009846798,0.425417895259534,0.00250816956442,0.159532897904817,0.153373391136621,2.80735005663672,158.527418719828,0.5,0.00250816956442,9.0732615553612,0.294756382803894,0.912994861342777,0.140625,0.711692582864364,0.912994861342777,0.140625,0.711692582864364,0.912994861342777,0.140625,0.711692582864364,0.851175132852354,0.146076094632768,0.701057739636337,0.851175132852354,0.146076094632768,0.701057739636337,0.851175132852354,0.146076094632768,0.701057739636337,3.53553390593274,0.770970492655298,0.223097634180791,0.542736347252316
42,10093,0.99927060539752,,,,,,,,,,0.991128125746746,,,,0.003644314868805,,,,,,,,,,,55.5393586005831,762,,1.2704759156366,1.92235312099125,,2,1.08856854352178,5.86904674358038,,0.144794691441192,0.640514743440234,,,2,-0.119291418886171,3.78071313922015,,-0.751581381432472,-1.19165652113703,,2,-1.02224304365409,2.10101313673907,44.4606413994169,610,,,,1,2,5,1372,0,0,4,1,20,0,0,80,20,,-0.672988917084198,-0.785308576530612,,-0.865208151398144,2.28645049911559,,0.030142115780319,0.915681186953353,,-0.271745587706185,3.57639633828058,,1.07723087562746,1.79117161989796,,0.779079482445817,5.47929258026428,,,,,,,,,,,,,,,,,,,0,,,
43,3560,0.993718592964824,0.533851721460754,0.805520702634881,0.031950840204177,0.533851721460754,0.805520702634881,0.031950840204177,0.533851721460754,0.805520702634881,0.031950840204177,2.58025920778265,0.541998624058596,0.80426599749059,0.040278555299652,0.006273525721455,61.6242145184462,0.529474048561176,0.808030112923463,0.027365460888482,0.529474048561176,0.808030112923463,0.027365460888482,0.529474048561176,0.808030112923463,0.027365460888482,19.4479297365119,155,3.08300270029709,,,0.06165879105093,9,,,2.01697528318263,,,0.041870865664508,47.1713299014104,5.4,,,0.999590007184953,,,0.00469017722262,2,,,15.4328732747804,123,0.562494963292207,0.767879548306148,0.077598629344287,1,6,5,797,0,0,0,5,20,0,0,0,100,1.10879276198424,,,0.014714939644735,,,1.99265421262424,,,0.05056724719224,,,2.94947887493941,,,0.060330410156548,,,0.533826206903002,0.820577164366374,0.013378610123678,0.533826206903002,0.820577164366374,0.013378610123678,0.533826206903002,0.820577164366374,0.013378610123678,0.517510171412348,0.800501882057716,0.040965209748664,0.517510171412348,0.800501882057716,0.040965209748664,0.517510171412348,0.800501882057716,0.040965209748664,2.88097205817759,0.521500224331704,0.805520702634881,0.034568250643874
44,45,0.999372844151772,0.966312233385618,0.066457680250784,0.893221436994916,0.966312233385618,0.066457680250784,0.893221436994916,0.966312233385618,0.066457680250784,0.893221436994916,1.48017006961363,0.771748430567326,0.376175548589342,0.412231120304682,0.019435736677116,18.5962944833589,0.959050010898627,0.06551724137931,0.894437525273972,0.959050010898627,0.06551724137931,0.894437525273972,0.959050010898627,0.06551724137931,0.894437525273972,51.8808777429467,1655,11.63181719768,,,1.48017006961363,3178,,,2.13627351308665,,,0.079594893000763,25.8393289135543,55.9354838709677,,,1.6679869019048,,,0.00239174071595,3,,,24.0438871473354,767,0.992879334415059,0.04576802507837,0.925651400305925,0,3,62,3190,0,0,0,62,0,0,0,0,100,1.98696921905245,,,0.00817992199304,,,1.99627934296226,,,0.01259754933704,,,1.99859098082698,,,0.065318358665385,,,0.499733955671826,0.481191222570533,0,0.499733955671826,0.481191222570533,0,0.499733955671826,0.481191222570533,0,0.770330725223551,0.342633228840125,0.427263177520047,0.770330725223551,0.342633228840125,0.427263177520047,0.770330725223551,0.342633228840125,0.427263177520047,403.002984611156,0.861725794027813,0.268965517241379,0.597626291790989
45,9946,0.625,,,,,,,,,,0.95263512240186,,,,0.054481546572935,,,,,,,,,,,62.7416520210896,357,,49.2090765072414,880.583128295255,,2,5.44718628489841,569.356992669949,,7.81473482511026,61.8907123395431,,,2,1.74040662852075,34.9047186032117,,-0.535535122518861,0.003794903339192,,2,0.415425996282468,0.002646071523978,37.2583479789104,212,,,,1,2,31,569,0,0,30,1,3.2258064516129,0,0,96.7741935483871,3.2258064516129,,0.965182554752621,0.059327993848858,,0.978582711963032,0.01802299534309,,3.02259014604474,0.217713453427065,,1.41755376955841,0.072726074660982,,5.9859089762347,17.0243044815466,,1.97544875711535,4.43408722124254,,,,,,,,,,,,,,,,,,,0,,,
46,7592,0.634425994553756,,,,,,,,,,0.793843839364426,,,,0.000307112730846,11.0685075174843,,,,,,,,,,76.0718234306539,37155,3.44192266924963,152.693096298159,189664.134597273,0.16542318099233,41,11.8946589965927,105604.025423157,1.78098912003383,30.3596376812137,31819.9747655706,0.071720946849468,23.832203118733,11.2222222222222,3.06386080833484,18914.6203266082,0.795215031650176,-0.184268740623786,10.0780885303632,0.00818704228545,2,-0.316524856660941,2.57097275559183,23.9281765693461,11687,,,,2,2,15,48842,3620,6465,6,9,13.3333333333333,7.41165390442652,0.882437246631997,40,60,0.834319826352667,0.423241769434249,31.5022112116621,0.01068033823523,0.099931028736652,9.93632620708991,1.60081028736494,4.50445365115414,63.9623479791982,0.0623734340938,0.998236097567619,208.357531029449,2.73677325280212,53.1840335405285,48225.3343689857,0.14076964990508,6.4010213924528,31990.0206490294,,,,,,,,,,,,,,,,,,,12.1529603160894,,,
47,9971,0.61340206185567,0.604272224781207,0.32590051457976,0.147791967995076,0.604272224781207,0.32590051457976,0.147791967995076,0.604272224781207,0.32590051457976,0.147791967995076,0.864090427248762,0.629663749424228,0.286449399656947,0,0.018867924528302,181.129291709356,0.663907761400276,0.289879931389365,0.141683581465446,0.663907761400276,0.289879931389365,0.141683581465446,0.663907761400276,0.289879931389365,0.141683581465446,71.3550600343053,416,0.80092315748775,150.919883644082,290.576329331046,0.00477057255121,2,10.5461772169125,288.918529051734,0.80092315748775,30.0420763361909,60.1448710226796,0.00477057255121,166.88826684642,2,3.29081261955105,82.4315765736956,0.80092315748775,-0.560065640943014,0.947063903945111,0.00477057255121,2,-0.285672186435738,0.318491959458674,28.6449399656947,167,0.715008719531514,0.435677530017153,0.241453144689527,2,2,11,583,0,0,9,2,18.1818181818182,0,0,81.8181818181818,18.1818181818182,0.80092315748775,-0.077433110789426,2.31397941680961,0.00477057255121,-0.036535020628589,0.940485144993747,0.80092315748775,11.3525287640195,6.48319039451115,0.00477057255121,3.21240286208773,6.20952172618015,0.80092315748775,43.8716205826768,95.31217838765,0.00477057255121,5.72833296158349,212.779172606773,0.607971556886228,0.30360205831904,0.034000168503038,0.607971556886228,0.30360205831904,0.034000168503038,0.607971556886228,0.30360205831904,0.034000168503038,0.599637263933671,0.315608919382504,0.20515708358032,0.599637263933671,0.315608919382504,0.20515708358032,0.599637263933671,0.315608919382504,0.20515708358032,0,0.598572086596039,0.368782161234991,0.173420467809263
48,3904,0.999816244027931,0.658737607346029,0.194671566375746,0.118305602610682,0.658737607346029,0.194671566375746,0.118305602610682,0.658737607346029,0.194671566375746,0.118305602610682,0.708689211530554,0.662083592817921,0.193477262287552,0,0.002021129995407,,0.65927323545883,0.198438217730822,0.195445305262045,0.65927323545883,0.198438217730822,0.195445305262045,0.65927323545883,0.198438217730822,0.195445305262045,80.6522737712448,8779,,2765.98796796397,36836.3653431329,,2,46.2121512104453,434367.801255246,,586.619469504969,1902.78236864497,,,2,15.8364707479498,21963.7530139803,,3.3600523103582,0.13533486449242,,2,1.92065872929257,0.160538447739997,19.3477262287552,2106,0.654347531988191,0.196600826825907,0.197396734416771,1,2,22,10885,5,25,21,1,4.54545454545455,0.045934772622876,0.010439721050654,95.4545454545455,4.54545454545455,,187.288045969526,3.70132292145154,,9.99652598413148,9.06274841757406,,392.204927759811,14.1772374827746,,13.6480727793256,22.597617346469,,557.821863316136,57.24978860294,,16.647450971038,125.932840530775,0.699265043372193,0.190169958658705,0.167366626670712,0.699265043372193,0.190169958658705,0.167366626670712,0.699265043372193,0.190169958658705,0.167366626670712,0.590840204453521,0.250252641249426,0.199866131364832,0.590840204453521,0.250252641249426,0.199866131364832,0.590840204453521,0.250252641249426,0.199866131364832,0,0.619653063183756,0.244740468534681,0.200207720201286
49,9960,0.927589367552704,,,,,,,,,,1.71463274226598,,,,0.00458211143695,,,,,,,,,,,40.4142228739003,2205,,14.3495918637748,3.35111308651026,,4,3.8301415530945,1.7154346324867,,2.36882245846977,2.04579234634653,,,4,1.52225763780647,1.25123997041115,,-1.60459545418341,0.910273093841642,,4,0.017563948445032,0.802801137115973,6.01173020527859,328,,,,0,4,25,5456,0,0,24,1,0,0,0,96,4,,-0.96764411879064,1.26948781158358,,0.723580667503444,1.11904027254462,,-0.077016716708863,2.15813150659824,,1.17607367145345,1.28701125955211,,5.98288739431382,2.73472539406158,,2.5364207592299,1.40088287461987,,,,,,,,,,,,,,,,,,,0,,,
50,3913,0.994241842610365,0.72860038283977,0.183908045977011,0.339536600152885,0.72860038283977,0.183908045977011,0.339536600152885,0.72860038283977,0.183908045977011,0.339536600152885,0.731778619305226,0.730739781556131,0.197318007662835,0.40082911716852,0.042145593869732,,0.727902263258642,0.183908045977011,0.334130590767759,0.727902263258642,0.183908045977011,0.334130590767759,0.727902263258642,0.183908045977011,0.334130590767759,79.5019157088123,415,,321.25591160743,18542.9916283525,,2,16.7887052423125,113271.216451422,,130.108430434633,977.893699142492,,,2,8.95309328176809,5875.72958794118,,1.99185469826576,0.188965517241379,,2,1.04648014192452,0.275608904693431,20.4980842911877,107,0.814411950088462,0.170498084291188,0.409277013452687,1,2,22,522,0,0,21,1,4.54545454545455,0,0,95.4545454545455,4.54545454545455,,43.9805869639595,3.04865900383141,,5.47620586814948,6.51259175228593,,139.550396885125,9.73528735632184,,10.0832964752352,21.9427787272653,,199.213200165509,47.3174329501916,,12.2763489155247,116.694680600408,0.777750253349848,0.159003831417625,0.407321277119641,0.777750253349848,0.159003831417625,0.407321277119641,0.777750253349848,0.159003831417625,0.407321277119641,0.636910257853845,0.193486590038314,0.38280536629908,0.636910257853845,0.193486590038314,0.38280536629908,0.636910257853845,0.193486590038314,0.38280536629908,0,0.662020042787974,0.195402298850575,0.387732572847911
51,146819,0.838589981447124,,,,,,,,,,0.420191037085177,,,,0.038888888888889,,,,,,,,,,,91.4814814814815,494,,-1.19866052416619,0.500119146217052,,2,0.001274561792414,0.289126914310976,,-1.20000578307448,0.500022058060614,,,2,5.46919901664365E-06,0.288941147846248,,-1.20138614332615,0.499913133694821,,2,-0.000832743152098,0.288813385651572,8.51851851851852,46,,,,1,2,21,540,0,0,20,1,4.76190476190476,0,0,95.2380952380952,4.76190476190476,,-1.2003355907841,0.499974506603706,,-0.000581714236097,0.288857747391077,,-1.1999914486567,0.500026887245885,,-0.000180902511907,0.288937538209469,,-1.1994875413841,0.500063012002607,,0.000388694123,0.289010431715388,,,,,,,,,,,,,,,,,,,0,,,
52,167141,0.758351670334067,,,,,,,,,,0.587893575144699,,,,0.0042,24.360825821959,,,,,,,,,,85.86,4293,2.27750438895585,3.26818364694815,2499.5,0.05024213240489,10,1.36069247940233,1443.52000332521,1.26593525235973,0.184769793956585,224.322423625,0.024132744080243,51.4571614463088,3.8,0.139528733403691,109.240686575409,0.451640436715749,-1.19999999999993,2.771196,8.063806707E-05,2,-0.210286114678472,0.745513707266035,14.14,707,,,,3,2,21,5000,0,0,16,5,14.2857142857143,0,0,76.1904761904762,23.8095238095238,0.547132528125613,-0.021262334366558,9.328744,0.00251891414912,-0.048525154491477,3.14525761121723,1.16729809188367,0.082368406140158,65.284434,0.023104102924505,-0.011004011473662,17.3149880163664,2.08337513706992,0.193987329987336,160.281325,0.046775215167103,0.019315373507702,47.8194818301104,,,,,,,,,,,,,,,,,,,3.4928498393146,,,
53,14952,0.514022073457572,,,,,,,,,,0.99062392274143,,,,0.002804161013116,19.0574646869368,,,,,,,,,,55.6942559927635,6157,1.5804621985076,,,0.49948275653695,3,,,0.83499624474955,,,0.051980887227904,15.0635242928541,2.25806451612903,,,0.256138965938883,,,5.321E-09,2,,,44.3057440072366,4898,,,,23,2,31,11055,0,0,0,31,74.1935483870968,0,0,0,100,0.571058717407608,,,0.001051012802985,,,0.70037123249404,,,0.004244512283695,,,0.995608283342358,,,0.039756847904743,,,,,,,,,,,,,,,,,,,,,0.444802722974569,,,
54,146818,0.519593613933237,,,,,,,,,,0.991230898903352,,,,0.021739130434783,10.1424941861812,,,,,,,,,,55.5072463768116,383,3.49644021180463,4.2653473291329,148.686956521739,0.42570942667283,14,2.12550330784083,92.9320520744606,1.30992640023545,0.190329975896829,64.2927536231884,0.097730487265536,12.4034571696787,4.22222222222222,0.909752410357041,51.8221937445055,0.501039554526696,-0.926991272574938,3.29855072463768,0.00013921104242,2,0.392649815353071,4.03441266603117,44.4927536231884,307,,,,5,2,15,690,0,0,6,9,33.3333333333333,0,0,40,60,0.838716131996875,-0.884759685951122,28.6855072463768,0.003050061391925,0.458658292028603,28.2552230012924,0.989846229211966,-0.537550208095701,56.9702898550725,0.03989592733091,0.693749105841427,52.4714113251907,1.5856077791548,0.878391861351421,99.1836956521739,0.144504194273545,1.33552733421899,77.7542994909505,,,,,,,,,,,,,,,,,,,4.14661843487491,,,
55,167140,0.375510204081633,,,,,,,,,,1.47979516055458,,,,0.056811048336472,68.4252660678462,,,,,,,,,,51.9146264908977,1654,0.999995451864125,,,0.3836322812069,3,,,0.806063119106517,,,0.021626443645646,36.2721068851658,2.00552486187845,,,0.58090825095117,,,1.94477877E-06,2,,,24.0112994350282,765,,,,180,3,181,3186,0,0,0,181,99.4475138121547,0,0,0,100,0.76660795489712,,,0.00198078801109,,,0.80802809888737,,,0.00515857596463,,,0.847932858515394,,,0.016055735253263,,,,,,,,,,,,,,,,,,,,,0.074329414624717,,,
56,146820,0.965481603968582,,,,,,,,,,0.302890317198834,,,,0.001239925604464,,,,,,,,,,,94.6063236205828,4578,,119.739434966873,525.800300767927,,2,7.73151852509801,156.579297236322,,48.0079190211661,204.971168902749,,,2,3.37342932991976,61.2054744994502,,-0.015316501844537,24.4820069454433,,2,-0.750782528580103,10.7269967802582,5.39367637941724,261,,,,1,2,6,4839,0,0,5,1,16.6666666666667,0,0,83.3333333333333,16.6666666666667,,3.74821913233236,70.3936691714197,,-0.282821349483363,12.0887564850937,,17.188504891515,126.855546926431,,2.50486283834853,62.0056217353143,,107.677325974825,378.606479622236,,7.4639632551085,109.922118895875,,,,,,,,,,,,,,,,,,,0,,,
57,125920,0.472945891783567,,,,,,,,,,0.981453895033654,,,,0.026,30.473106715455,,,,,,,,,,58,290,2.80854509784106,-0.582089118726816,3.5286,0.04980682279954,24,-1.1647649580554,2.00536405922217,2.22960114876966,-0.582089118726816,3.5286,0.032207214846785,68.2267605061869,13.0833333333333,-1.1647649580554,2.00536405922217,1.37293427059888,-0.582089118726816,3.5286,0.00520546565465,2,-1.1647649580554,2.00536405922217,42,210,,,,1,2,13,500,401,835,1,12,7.69230769230769,80.2,12.8461538461538,7.69230769230769,92.3076923076923,1.98285148610714,-0.582089118726816,3.5286,0.02698419264909,-1.1647649580554,2.00536405922217,2.32167632212661,-0.582089118726816,3.5286,0.03539008404906,-1.1647649580554,2.00536405922217,2.57118554925015,-0.582089118726816,3.5286,0.04339185153236,-1.1647649580554,2.00536405922217,,,,,,,,,,,,,,,,,,,7.54933270179718,,,
58,14965,0.843087812430878,,,,,,,,,,0.520631221253816,,,,0.000376014686691,34.9542587684117,,,,,,,,,,88.3015195417045,39922,3.05535298198942,4506.86066018351,1362.27205768508,0.04241125452275,12,41.8464544726404,3044.7658291686,1.42149942154261,673.030091584772,245.817108352266,0.014894643445402,94.4369553560147,4.6,8.80619192540073,489.537869649515,0.130212211971719,-1.05989737282815,0.580323372630427,0.00042448835011,2,0.093079014021078,2.30344104493142,11.6984804582955,5289,,,,4,2,17,45211,0,0,7,10,23.5294117647059,0,0,41.1764705882353,58.8235294117647,0.785933131822227,0.31957037591073,2.7638406582469,0.00338990117011,0.68481792572522,3.0980208832802,1.17752538427999,18.1539152690206,40.1978279622163,0.01192288929849,3.1443180994234,10.6187620409754,2.2761413337981,140.751546625041,258.16307978147,0.02739533862674,8.36030832616556,257.527812265171,,,,,,,,,,,,,,,,,,,3.97771570404701,,,
59,146821,0.599305153445281,,,,,,,,,,1.20574097001218,,,,0.004050925925926,10.538249177645,,,,,,,,,,70.0231481481482,1210,2,,,0.26218435655426,4,,,1.79248125036058,,,0.114415682309917,14.6663947998431,3.57142857142857,,,1.58496250072116,,,0.00448571662663,3,,,3.76157407407407,65,,,,0,4,7,1728,0,0,0,7,0,0,0,0,100,1.58496250072116,,,0.023627535092365,,,1.79248125036058,,,0.085076458045545,,,2,,,0.230293311643497,,,,,,,,,,,,,,,,,,,,,0.534522483824849,,,
